<?xml version="1.0" encoding="utf-8" ?>
<Defs>



  <ThingDef Name="BaseSovietTankGun" Abstract="True">
    <category>Item</category>
    <thingClass>ThingWithComps</thingClass>
    <equipmentType>Primary</equipmentType>
    <pathCost>10</pathCost>
    <useHitPoints>True</useHitPoints>
    <selectable>True</selectable>
    <graphicData>
      <onGroundRandomRotateAngle>35</onGroundRandomRotateAngle>
    </graphicData>
    <drawGUIOverlay>true</drawGUIOverlay>
    <statBases>
      <MaxHitPoints>100</MaxHitPoints>
      <Flammability>1.0</Flammability>
      <DeteriorationRate>2</DeteriorationRate>
      <SellPriceFactor>0.5</SellPriceFactor>
    </statBases>
    <altitudeLayer>Item</altitudeLayer>
    <alwaysHaulable>True</alwaysHaulable>
    <tickerType>Never</tickerType>
    <techLevel>Industrial</techLevel>
    <weaponTags>
       <li>LightTankGun</li>
    </weaponTags>
    <thingCategories>
      <li>WeaponsRanged</li>
    </thingCategories>
    <inspectorTabs>
      <li>ITab_Art</li>
    </inspectorTabs>
    <comps>
      <li Class="CompProperties_Forbiddable"/>
      <li>
        <compClass>CompEquippable</compClass>
      </li>
      <li>
        <compClass>CompQuality</compClass>
      </li>
      <li Class="CompProperties_Art">
        <nameMaker>ArtName_WeaponGun</nameMaker>
        <descriptionMaker>ArtDescription_WeaponGun</descriptionMaker>
        <minQualityForArtistic>Excellent</minQualityForArtistic>
      </li>
    </comps>
    <recipeMaker>
      <workSpeedStat>SmithingSpeed</workSpeedStat>
      <workSkill>Crafting</workSkill>
      <effectWorking>Smith</effectWorking>
      <soundWorking>Recipe_Smith</soundWorking>
      <recipeUsers>
        <li>TableMachining</li>
      </recipeUsers>
      <unfinishedThingDef>UnfinishedGun</unfinishedThingDef>
    </recipeMaker>
    <smeltProducts>
      <Steel>20</Steel>
    </smeltProducts>
  </ThingDef>
  

  <ThingDef Name="BaseSovietGun" Abstract="True">
    <category>Item</category>
    <thingClass>ThingWithComps</thingClass>
    <equipmentType>Primary</equipmentType>
    <pathCost>10</pathCost>
    <useHitPoints>True</useHitPoints>
    <selectable>True</selectable>
    <graphicData>
      <onGroundRandomRotateAngle>35</onGroundRandomRotateAngle>
    </graphicData>
    <drawGUIOverlay>true</drawGUIOverlay>
    <statBases>
      <MaxHitPoints>100</MaxHitPoints>
      <Flammability>1.0</Flammability>
      <DeteriorationRate>2</DeteriorationRate>
      <SellPriceFactor>0.5</SellPriceFactor>
    </statBases>
    <altitudeLayer>Item</altitudeLayer>
    <alwaysHaulable>True</alwaysHaulable>
    <tickerType>Never</tickerType>
    <techLevel>Industrial</techLevel>
    <weaponTags>
       <li>SovietInfantry</li>
    </weaponTags>
    <thingCategories>
      <li>WeaponsRanged</li>
    </thingCategories>
    <inspectorTabs>
      <li>ITab_Art</li>
    </inspectorTabs>
    <comps>
      <li Class="CompProperties_Forbiddable"/>
      <li>
        <compClass>CompEquippable</compClass>
      </li>
      <li>
        <compClass>CompQuality</compClass>
      </li>
      <li Class="CompProperties_Art">
        <nameMaker>ArtName_WeaponGun</nameMaker>
        <descriptionMaker>ArtDescription_WeaponGun</descriptionMaker>
        <minQualityForArtistic>Excellent</minQualityForArtistic>
      </li>
    </comps>
    <recipeMaker>
      <workSpeedStat>SmithingSpeed</workSpeedStat>
      <workSkill>Crafting</workSkill>
      <effectWorking>Smith</effectWorking>
      <soundWorking>Recipe_Smith</soundWorking>
      <recipeUsers>
        <li>TableMachining</li>
      </recipeUsers>
      <unfinishedThingDef>UnfinishedGun</unfinishedThingDef>
    </recipeMaker>
    <smeltProducts>
      <Steel>20</Steel>
    </smeltProducts>
  </ThingDef>
  <ThingDef Name="BaseSovietMGGun" Abstract="True">
    <category>Item</category>
    <thingClass>ThingWithComps</thingClass>
    <equipmentType>Primary</equipmentType>
    <pathCost>10</pathCost>
    <useHitPoints>True</useHitPoints>
    <selectable>True</selectable>
    <graphicData>
      <onGroundRandomRotateAngle>35</onGroundRandomRotateAngle>
    </graphicData>
    <drawGUIOverlay>true</drawGUIOverlay>
    <statBases>
      <MaxHitPoints>100</MaxHitPoints>
      <Flammability>1.0</Flammability>
      <DeteriorationRate>2</DeteriorationRate>
      <SellPriceFactor>0.5</SellPriceFactor>
    </statBases>
    <altitudeLayer>Item</altitudeLayer>
    <alwaysHaulable>True</alwaysHaulable>
    <tickerType>Never</tickerType>
    <techLevel>Industrial</techLevel>
    <weaponTags>
       <li>SovietMG</li>
    </weaponTags>
    <thingCategories>
      <li>WeaponsRanged</li>
    </thingCategories>
    <inspectorTabs>
      <li>ITab_Art</li>
    </inspectorTabs>
    <comps>
      <li Class="CompProperties_Forbiddable"/>
      <li>
        <compClass>CompEquippable</compClass>
      </li>
      <li>
        <compClass>CompQuality</compClass>
      </li>
      <li Class="CompProperties_Art">
        <nameMaker>ArtName_WeaponGun</nameMaker>
        <descriptionMaker>ArtDescription_WeaponGun</descriptionMaker>
        <minQualityForArtistic>Excellent</minQualityForArtistic>
      </li>
    </comps>
    <recipeMaker>
      <workSpeedStat>SmithingSpeed</workSpeedStat>
      <workSkill>Crafting</workSkill>
      <effectWorking>Smith</effectWorking>
      <soundWorking>Recipe_Smith</soundWorking>
      <recipeUsers>
        <li>TableMachining</li>
      </recipeUsers>
      <unfinishedThingDef>UnfinishedGun</unfinishedThingDef>
    </recipeMaker>
    <smeltProducts>
      <Steel>20</Steel>
    </smeltProducts>
  </ThingDef>
  <ThingDef Name="BaseSovietAssaultGun" Abstract="True">
    <category>Item</category>
    <thingClass>ThingWithComps</thingClass>
    <equipmentType>Primary</equipmentType>
    <pathCost>10</pathCost>
    <useHitPoints>True</useHitPoints>
    <selectable>True</selectable>
    <graphicData>
      <onGroundRandomRotateAngle>35</onGroundRandomRotateAngle>
    </graphicData>
    <drawGUIOverlay>true</drawGUIOverlay>
    <statBases>
      <MaxHitPoints>100</MaxHitPoints>
      <Flammability>1.0</Flammability>
      <DeteriorationRate>2</DeteriorationRate>
      <SellPriceFactor>0.5</SellPriceFactor>
    </statBases>
    <altitudeLayer>Item</altitudeLayer>
    <alwaysHaulable>True</alwaysHaulable>
    <tickerType>Never</tickerType>
    <techLevel>Industrial</techLevel>
    <weaponTags>
       <li>SovietAssaultInfantry</li>
    </weaponTags>
    <thingCategories>
      <li>WeaponsRanged</li>
    </thingCategories>
    <inspectorTabs>
      <li>ITab_Art</li>
    </inspectorTabs>
    <comps>
      <li Class="CompProperties_Forbiddable"/>
      <li>
        <compClass>CompEquippable</compClass>
      </li>
      <li>
        <compClass>CompQuality</compClass>
      </li>
      <li Class="CompProperties_Art">
        <nameMaker>ArtName_WeaponGun</nameMaker>
        <descriptionMaker>ArtDescription_WeaponGun</descriptionMaker>
        <minQualityForArtistic>Excellent</minQualityForArtistic>
      </li>
    </comps>
    <recipeMaker>
      <workSpeedStat>SmithingSpeed</workSpeedStat>
      <workSkill>Crafting</workSkill>
      <effectWorking>Smith</effectWorking>
      <soundWorking>Recipe_Smith</soundWorking>
      <recipeUsers>
        <li>TableMachining</li>
      </recipeUsers>
      <unfinishedThingDef>UnfinishedGun</unfinishedThingDef>
    </recipeMaker>
    <smeltProducts>
      <Steel>20</Steel>
    </smeltProducts>
  </ThingDef>

    <ThingDef Name="BaseSovietOfficerGun" Abstract="True">
    <category>Item</category>
    <thingClass>ThingWithComps</thingClass>
    <equipmentType>Primary</equipmentType>
    <pathCost>10</pathCost>
    <useHitPoints>True</useHitPoints>
    <selectable>True</selectable>
    <graphicData>
      <onGroundRandomRotateAngle>35</onGroundRandomRotateAngle>
    </graphicData>
    <drawGUIOverlay>true</drawGUIOverlay>
    <statBases>
      <MaxHitPoints>100</MaxHitPoints>
      <Flammability>1.0</Flammability>
      <DeteriorationRate>2</DeteriorationRate>
      <SellPriceFactor>0.5</SellPriceFactor>
    </statBases>
    <altitudeLayer>Item</altitudeLayer>
    <alwaysHaulable>True</alwaysHaulable>
    <tickerType>Never</tickerType>
    <techLevel>Industrial</techLevel>
    <weaponTags>
       <li>SovietOfficer</li>
    </weaponTags>
    <thingCategories>
      <li>WeaponsRanged</li>
    </thingCategories>
    <inspectorTabs>
      <li>ITab_Art</li>
    </inspectorTabs>
    <comps>
      <li Class="CompProperties_Forbiddable"/>
      <li>
        <compClass>CompEquippable</compClass>
      </li>
      <li>
        <compClass>CompQuality</compClass>
      </li>
      <li Class="CompProperties_Art">
        <nameMaker>ArtName_WeaponGun</nameMaker>
        <descriptionMaker>ArtDescription_WeaponGun</descriptionMaker>
        <minQualityForArtistic>Excellent</minQualityForArtistic>
      </li>
    </comps>
    <recipeMaker>

      <workSpeedStat>SmithingSpeed</workSpeedStat>
      <workSkill>Crafting</workSkill>
      <effectWorking>Smith</effectWorking>
      <soundWorking>Recipe_Smith</soundWorking>
      <recipeUsers>
        <li>TableMachining</li>
      </recipeUsers>
      <unfinishedThingDef>UnfinishedGun</unfinishedThingDef>
    </recipeMaker>
    <smeltProducts>
      <Steel>20</Steel>
    </smeltProducts>
  </ThingDef>
    <ThingDef Name="BaseSovietMeleeWeapon" Abstract="True">
    <category>Item</category>
    <thingClass>ThingWithComps</thingClass>
    <equipmentType>Primary</equipmentType>
    <pathCost>10</pathCost>
    <useHitPoints>True</useHitPoints>
    <selectable>True</selectable>
    <graphicData>
      <onGroundRandomRotateAngle>35</onGroundRandomRotateAngle>
    </graphicData>
    <drawGUIOverlay>true</drawGUIOverlay>
    <statBases>
      <MaxHitPoints>100</MaxHitPoints>
      <Flammability>.5</Flammability>
      <DeteriorationRate>1</DeteriorationRate>
      <SellPriceFactor>0.5</SellPriceFactor>
    </statBases>
    <altitudeLayer>Item</altitudeLayer>
    <alwaysHaulable>True</alwaysHaulable>
    <tickerType>Never</tickerType>
    <techLevel>Spacer</techLevel>
    <weaponTags>
      <li>SovietBanner</li>
    </weaponTags>
    <thingCategories>
      <li>WeaponsMelee</li>
    </thingCategories>
    <comps>
      <li Class="CompProperties_Forbiddable"/>
      <li>
        <compClass>CompEquippable</compClass>
      </li>
      <li>
        <compClass>CompQuality</compClass>
      </li>
      <li Class="CompProperties_Art">
        <nameMaker>ArtName_WeaponMelee</nameMaker>
        <descriptionMaker>ArtDescription_WeaponMelee</descriptionMaker>
        <minQualityForArtistic>Excellent</minQualityForArtistic>
      </li>
    </comps>
    <recipeMaker>
      <workSpeedStat>SmithingSpeed</workSpeedStat>
      <workSkill>Crafting</workSkill>
      <effectWorking>Smith</effectWorking>
      <soundWorking>Recipe_Smith</soundWorking>
      <recipeUsers>
        <li>ElectricSmithy</li>
        <li>FueledSmithy</li>
      </recipeUsers>
      <unfinishedThingDef>UnfinishedWeapon</unfinishedThingDef>
    </recipeMaker>
    <inspectorTabs>
      <li>ITab_Art</li>
    </inspectorTabs>
  </ThingDef>
  
  <ThingDef Name="BaseSovietMeleeWeapon_Sharp" ParentName="BaseSovietMeleeWeapon" Abstract="True">
    <recipeMaker>
    <defaultIngredientFilter>
      <categories>
        <li>Root</li>
      </categories>
      <exceptedThingDefs>
        <li>Silver</li>
        <li>Gold</li>
        <li>WoodLog</li>
      </exceptedThingDefs>
    </defaultIngredientFilter>
    </recipeMaker>
  </ThingDef>

  
  
  <ThingDef Name="BaseSovietScoutGun" Abstract="True">
    <category>Item</category>
    <thingClass>ThingWithComps</thingClass>
    <equipmentType>Primary</equipmentType>
    <pathCost>10</pathCost>
    <useHitPoints>True</useHitPoints>
    <selectable>True</selectable>
    <graphicData>
      <onGroundRandomRotateAngle>35</onGroundRandomRotateAngle>
    </graphicData>
    <drawGUIOverlay>true</drawGUIOverlay>
    <statBases>
      <MaxHitPoints>100</MaxHitPoints>
      <Flammability>1.0</Flammability>
      <DeteriorationRate>2</DeteriorationRate>
      <SellPriceFactor>0.5</SellPriceFactor>
    </statBases>
    <altitudeLayer>Item</altitudeLayer>
    <alwaysHaulable>True</alwaysHaulable>
    <tickerType>Never</tickerType>
    <techLevel>Industrial</techLevel>
    <weaponTags>
       <li>SovietScoutInfantry</li>
    </weaponTags>
    <thingCategories>
      <li>WeaponsRanged</li>
    </thingCategories>
    <inspectorTabs>
      <li>ITab_Art</li>
    </inspectorTabs>
    <comps>
      <li Class="CompProperties_Forbiddable"/>
      <li>
        <compClass>CompEquippable</compClass>
      </li>
      <li>
        <compClass>CompQuality</compClass>
      </li>
      <li Class="CompProperties_Art">
        <nameMaker>ArtName_WeaponGun</nameMaker>
        <descriptionMaker>ArtDescription_WeaponGun</descriptionMaker>
        <minQualityForArtistic>Excellent</minQualityForArtistic>
      </li>
    </comps>
    <recipeMaker>
      <workSpeedStat>SmithingSpeed</workSpeedStat>
      <workSkill>Crafting</workSkill>
      <effectWorking>Smith</effectWorking>
      <soundWorking>Recipe_Smith</soundWorking>
      <recipeUsers>
        <li>TableMachining</li>
      </recipeUsers>
      <unfinishedThingDef>UnfinishedGun</unfinishedThingDef>
    </recipeMaker>
    <smeltProducts>
      <Steel>20</Steel>
    </smeltProducts>
  </ThingDef>

  <ThingDef Name="BaseGrenadeProjectile" Abstract="True">
    <category>Projectile</category>
    <altitudeLayer>Projectile</altitudeLayer>
    <thingClass>Projectile_Explosive</thingClass>
    <label>projectile</label>
    <tickerType>Normal</tickerType>
    <useHitPoints>False</useHitPoints>
    <neverMultiSelect>True</neverMultiSelect>
    <graphicData>
      <shaderType>Transparent</shaderType>
    </graphicData>
    <projectile>
      <speed>12</speed>
      <flyOverhead>false</flyOverhead>
    </projectile>
  </ThingDef>

  <!-- ====================== GRENADES ======================== -->
 <ThingDef ParentName="BaseGrenadeProjectile">
    <defName>Proj_GrenadeRG</defName>
    <label>RG 42</label>
    <thingClass>Projectile_Explosive</thingClass>
    <graphicData>
      <texPath>Things/RedArmy/Weapons/RGFortyTwo</texPath>
      <graphicClass>Graphic_Single</graphicClass>
    </graphicData>
    <projectile>
      <explosionRadius >2.3</explosionRadius >
      <damageDef>Bomb</damageDef>
      <damageAmountBase>32</damageAmountBase>
      <explosionDelay>60</explosionDelay>
    </projectile>
  </ThingDef>

  <ThingDef ParentName="BaseWeapon">
    <defName>Weapon_RGFortyTwo</defName>
    <equipmentType>Primary</equipmentType>
    <label>RG-42</label>
    <description>Russian style hand grenades.</description>
    <graphicData>
      <texPath>Things/RedArmy/Weapons/RGFortyTwo</texPath>
      <graphicClass>Graphic_Single</graphicClass>
    </graphicData>
    <soundInteract>InteractGrenade</soundInteract>
    <techLevel>Industrial</techLevel>
    <statBases>
      <MarketValue>400</MarketValue>
      <RangedWeapon_Cooldown>2.66</RangedWeapon_Cooldown>
    </statBases>
    <weaponTags>
      <li>SovietGrenade</li>
    </weaponTags>
    <thingCategories>
      <li>Grenades</li>
    </thingCategories>
    <verbs>
      <li>
        <label>throw RG42</label>
        <verbClass>Verb_LaunchProjectile</verbClass>
        <hasStandardCommand>true</hasStandardCommand>
        <range>9.9</range>
        <forcedMissRadius>1.0</forcedMissRadius>
        <warmupTime>4</warmupTime>
        <noiseRadius>4</noiseRadius>
        <ai_IsBuildingDestroyer>true</ai_IsBuildingDestroyer>
        <soundCast>ThrowGrenade</soundCast>
        <targetParams>
          <canTargetLocations>true</canTargetLocations>
        </targetParams>
        <defaultProjectile>Proj_GrenadeRG</defaultProjectile>
      </li>
    </verbs>
    <smeltProducts>
      <Steel>10</Steel>
    </smeltProducts>
  </ThingDef>  
  
<!-- ============================================== -->

    <ThingDef ParentName="BaseSovietMeleeWeapon_Sharp">
    <defName>SovietBanner</defName>
    <label>Soviet Banner</label>
    <description>A banner designed to inspire the soldiers around it. The banner carrier can also resort to using this as a weapon if need be, the end of the pole sharpened - not an ideal weapon. </description>
    <graphicData>
	  <texPath>Things/RedArmy/Weapons/SovietFlag</texPath>
      <graphicClass>Graphic_Single</graphicClass>
    </graphicData>
    <soundInteract>InteractRifle</soundInteract>
    <costStuffCount>120</costStuffCount>
    <statBases>
      <WorkToMake>2000</WorkToMake>
    </statBases>
    <equippedAngleOffset>-25</equippedAngleOffset>
    <stuffCategories>
      <li>Metallic</li>
      <li>Woody</li>
    </stuffCategories>
		    <tools>
      <li>
        <label>handle</label>
        <capacities>
          <li>Blunt</li>
        </capacities>
        <power>8</power>
        <cooldownTime>1.6</cooldownTime>
      </li>
      <li>
        <label>point</label>
        <capacities>
          <li>Stab</li>
        </capacities>
        <power>15</power>
        <cooldownTime>1.6</cooldownTime>
      </li>
    </tools>
    <verbs>
      <li>
        <verbClass>Verb_MeleeAttack</verbClass>
        <hasStandardCommand>true</hasStandardCommand>
        <meleeDamageDef>Cut</meleeDamageDef>
      </li>
    </verbs>
  </ThingDef>
  
  
    <ThingDef ParentName="BaseBullet">
    <defName>Bullet_SovietSniper</defName>
    <label>Sniper rifle bullet</label>
    <graphicData>
      <texPath>Things/Projectiles/RifleBullet</texPath>
      <graphicClass>Graphic_Single</graphicClass>
    </graphicData>
    <projectile>
      <flyOverhead>false</flyOverhead>
      <damageDef>Bullet</damageDef>
      <damageAmountBase>19</damageAmountBase>
      <speed>95</speed>
    </projectile>
  </ThingDef>

  <ThingDef ParentName="BaseBullet">
    <defName>Bullet_SovietRifle</defName>
    <label>Rifle bullet</label>
    <graphicData>
      <texPath>Things/Projectiles/RifleBullet</texPath>
      <graphicClass>Graphic_Single</graphicClass>
    </graphicData>
    <projectile>
      <flyOverhead>false</flyOverhead>
      <damageDef>Bullet</damageDef>
      <damageAmountBase>17</damageAmountBase>
      <speed>85</speed>
    </projectile>
  </ThingDef>
  
  <ThingDef ParentName="BaseBullet">
    <defName>Bullet_SovietPistol</defName>
    <label>Pistol Bullet</label>
    <graphicData>
      <texPath>Things/Projectiles/PistolBullet</texPath>
      <graphicClass>Graphic_Single</graphicClass>
    </graphicData>
    <projectile>
      <flyOverhead>false</flyOverhead>
      <damageDef>Bullet</damageDef>
      <damageAmountBase>9</damageAmountBase>
      <speed>78</speed>
    </projectile>
  </ThingDef>
  
    <ThingDef ParentName="BaseBullet">
    <defName>Bullet_SovietLMG</defName>
    <label>Pistol Bullet</label>
    <graphicData>
      <texPath>Things/Projectiles/PistolBullet</texPath>
      <graphicClass>Graphic_Single</graphicClass>
    </graphicData>
    <projectile>
      <flyOverhead>false</flyOverhead>
      <damageDef>Bullet</damageDef>
      <damageAmountBase>8</damageAmountBase>
      <speed>85</speed>
    </projectile>
  </ThingDef>
  
    <ThingDef ParentName="BaseBullet">
    <defName>Bullet_SovietMachinePistol</defName>
    <label>Pistol Bullet</label>
    <graphicData>
      <texPath>Things/Projectiles/RifleBullet</texPath>
      <graphicClass>Graphic_Single</graphicClass>
    </graphicData>
    <projectile>
      <flyOverhead>false</flyOverhead>
      <damageDef>Bullet</damageDef>
      <damageAmountBase>8</damageAmountBase>
      <speed>78</speed>
    </projectile>
  </ThingDef>
  
  <ThingDef ParentName="BaseBullet">
    <defName>Bullet_SovietTank</defName>
    <label>45mm shell</label>
    <graphicData>
      <texPath>Things/Projectiles/TankBullet</texPath>
      <graphicClass>Graphic_Single</graphicClass>
      <shaderType>TransparentPostLight</shaderType>
    </graphicData>
    <thingClass>Projectile_Explosive</thingClass>
    <projectile>
      <damageDef>Bomb</damageDef>
      <damageAmountBase>40</damageAmountBase>
      <explosionRadius>3.0</explosionRadius>
      <speed>75</speed>
    </projectile>
  </ThingDef>


  <ThingDef ParentName="BaseSovietGun">
    <defName>MosinNagant</defName>
    <label>Mosin Nagant 91/30</label>
    <description>The Mosin Nagant was one of the most widely used weapons in the Soviet Army. Well made, rugged and dependable, this is a bolt action, high stopping power rifle.</description>
    <graphicData>
      <texPath>Things/RedArmy/Weapons/MosinNagant</texPath>
      <graphicClass>Graphic_Single</graphicClass>
    </graphicData>
    <soundInteract>InteractRifle</soundInteract>
    <statBases>
      <WorkToMake>16000</WorkToMake>
      <MarketValue>400</MarketValue>
      <AccuracyTouch>0.35</AccuracyTouch>
      <AccuracyShort>0.75</AccuracyShort>
      <AccuracyMedium>0.88</AccuracyMedium>
      <AccuracyLong>0.85</AccuracyLong>
      <RangedWeapon_Cooldown>1.0</RangedWeapon_Cooldown>
    </statBases>
    <costList>
      <Steel>65</Steel>
      <Component>2</Component>
    </costList>
    <recipeMaker>
      <researchPrerequisite>SovietEarlyWarTech</researchPrerequisite>
    </recipeMaker>
    <weaponTags>
      <li>SovietInfantry</li>
    </weaponTags>
    <verbs>
      <li>
        <verbClass>Verb_Shoot</verbClass>
        <hasStandardCommand>true</hasStandardCommand>
        <defaultProjectile>Bullet_SovietRifle</defaultProjectile>
		<burstShotCount>1</burstShotCount>
        <ticksBetweenBurstShots>1</ticksBetweenBurstShots>
        <warmupTime>1.7</warmupTime>
        <range>42</range>
        <soundCast>Mosin_Fire1</soundCast>
        <soundCastTail>GunTail_Light</soundCastTail>
        <muzzleFlashScale>9</muzzleFlashScale>
      </li>
    </verbs>
			    <tools>
      <li>
        <label>bayonet</label>
        <capacities>
          <li>Poke</li>
        </capacities>
        <power>10</power>
        <cooldownTime>1.6</cooldownTime>
      </li>
      <li>
        <label>stock</label>
        <capacities>
          <li>Blunt</li>
        </capacities>
        <power>8</power>
        <cooldownTime>1.6</cooldownTime>
      </li>
    </tools>
  </ThingDef>
  <!-- ============================================== -->
    <ThingDef ParentName="BaseSovietOfficerGun">
    <defName>Nagant1895Pistol</defName>
    <label>Nagant 1895 Pistol</label>
    <description>The Nagant was a revolver employed in the use of soviet officers and comissars. The weapon was slow to reload, and held a relatively weak cartridge, but maintained a decent stopping power at close range.</description>
    <graphicData>
      <texPath>Things/RedArmy/Weapons/Nagant1895</texPath>
      <graphicClass>Graphic_Single</graphicClass>
    </graphicData>
    <soundInteract>InteractRifle</soundInteract>
    <statBases>
      <WorkToMake>10000</WorkToMake>
      <MarketValue>450</MarketValue>
      <AccuracyTouch>0.35</AccuracyTouch>
      <AccuracyShort>0.95</AccuracyShort>
      <AccuracyMedium>0.55</AccuracyMedium>
      <AccuracyLong>0.25</AccuracyLong>
      <RangedWeapon_Cooldown>0.5</RangedWeapon_Cooldown>
    </statBases>
    <costList>
      <Steel>45</Steel>
      <Component>2</Component>
    </costList>
    <recipeMaker>
      <researchPrerequisite>SovietEarlyWarTech</researchPrerequisite>
    </recipeMaker>
    <weaponTags>
      <li>SovietOfficer</li>
    </weaponTags>
    <verbs>
      <li>
        <verbClass>Verb_Shoot</verbClass>
        <hasStandardCommand>true</hasStandardCommand>
        <defaultProjectile>Bullet_SovietPistol</defaultProjectile>
		<burstShotCount>1</burstShotCount>
        <ticksBetweenBurstShots>1</ticksBetweenBurstShots>
        <warmupTime>1.4</warmupTime>
        <range>23</range>
        <soundCast>NagantPistol_Fire1</soundCast>
        <soundCastTail>GunTail_Light</soundCastTail>
        <muzzleFlashScale>9</muzzleFlashScale>
      </li>
    </verbs>
			    <tools>
      <li>
        <label>stock</label>
        <capacities>
          <li>Blunt</li>
        </capacities>
        <power>8</power>
        <cooldownTime>1.6</cooldownTime>
      </li>
    </tools>
  </ThingDef>
  <!-- ============================================== -->
  <ThingDef ParentName="BaseSovietGun">
    <defName>PPSh</defName>
    <label>PPSh Model 41 Drum</label>
    <description>The PPSh was designed as a squad assault weapon, with an extremelly high rate of fire.</description>
    <graphicData>
      <texPath>Things/RedArmy/Weapons/PPSh</texPath>
      <graphicClass>Graphic_Single</graphicClass>
    </graphicData>
    <soundInteract>InteractRifle</soundInteract>
    <statBases>
      <WorkToMake>13000</WorkToMake>
      <MarketValue>550</MarketValue>
      <AccuracyTouch>0.75</AccuracyTouch>
      <AccuracyShort>0.75</AccuracyShort>
      <AccuracyMedium>0.55</AccuracyMedium>
      <AccuracyLong>0.3</AccuracyLong>
      <RangedWeapon_Cooldown>1.9</RangedWeapon_Cooldown>
    </statBases>
    <costList>
      <Steel>65</Steel>
      <Component>2</Component>
    </costList>
    <recipeMaker>
      <researchPrerequisite>SovietEarlyWarTech</researchPrerequisite>
    </recipeMaker>
    <weaponTags>
      <li>SovietInfantry</li>
    </weaponTags>
    <verbs>
      <li>
        <verbClass>Verb_Shoot</verbClass>
        <hasStandardCommand>true</hasStandardCommand>
        <defaultProjectile>Bullet_SovietMachinePistol</defaultProjectile>
		<burstShotCount>10</burstShotCount>
        <ticksBetweenBurstShots>8</ticksBetweenBurstShots>
        <warmupTime>2.2</warmupTime>
        <range>19</range>
        <soundCast>PPSh_Fire1</soundCast>
        <soundCastTail>GunTail_Light</soundCastTail>
        <muzzleFlashScale>9</muzzleFlashScale>
      </li>
    </verbs>
			    <tools>

      <li>
        <label>stock</label>
        <capacities>
          <li>Blunt</li>
        </capacities>
        <power>8</power>
        <cooldownTime>1.6</cooldownTime>
      </li>
    </tools>
  </ThingDef>
    <!-- ============================================== -->
  <ThingDef ParentName="BaseSovietMGGun">
    <defName>DPTwentySeven</defName>
    <label>DP 27 Light Machine Gun</label>
    <description>The DP27 was designed as a light, squad support weapon designed to provide suppressive fire to enemy targets.</description>
    <graphicData>
      <texPath>Things/RedArmy/Weapons/DPTwentySeven</texPath>
      <graphicClass>Graphic_Single</graphicClass>
    </graphicData>
    <soundInteract>InteractRifle</soundInteract>
    <statBases>
      <WorkToMake>13000</WorkToMake>
      <MarketValue>700</MarketValue>
      <AccuracyTouch>0.55</AccuracyTouch>
      <AccuracyShort>0.56</AccuracyShort>
      <AccuracyMedium>0.55</AccuracyMedium>
      <AccuracyLong>0.6</AccuracyLong>
      <RangedWeapon_Cooldown>2.5</RangedWeapon_Cooldown>
    </statBases>
    <costList>
      <Steel>65</Steel>
      <Component>2</Component>
    </costList>
    <recipeMaker>
      <researchPrerequisite>SovietMidWarTech</researchPrerequisite>
    </recipeMaker>
    <weaponTags>
      <li>SovietMG</li>
    </weaponTags>
    <verbs>
      <li>
        <verbClass>Verb_Shoot</verbClass>
        <hasStandardCommand>true</hasStandardCommand>
        <defaultProjectile>Bullet_SovietLMG</defaultProjectile>
		<burstShotCount>8</burstShotCount>
        <ticksBetweenBurstShots>14</ticksBetweenBurstShots>
        <warmupTime>3</warmupTime>
        <range>32</range>
        <soundCast>DP27_Fire1</soundCast>
        <soundCastTail>GunTail_Light</soundCastTail>
        <muzzleFlashScale>9</muzzleFlashScale>
      </li>
    </verbs>
			    <tools>
      <li>
        <label>stock</label>
        <capacities>
          <li>Blunt</li>
        </capacities>
        <power>8</power>
        <cooldownTime>1.6</cooldownTime>
      </li>
    </tools>
  </ThingDef>
    <!-- ============================================== -->
    <ThingDef ParentName="BaseSovietScoutGun">
    <defName>SVTForty</defName>
    <label>SVT-40</label>
    <description>The SVT was designed as a semi-automatic weapon designed for use by veteran soldiers of the Red Army. This weapon is effective at longer and mid ranges.</description>
    <graphicData>
      <texPath>Things/RedArmy/Weapons/SVTForty</texPath>
      <graphicClass>Graphic_Single</graphicClass>
    </graphicData>
    <soundInteract>InteractRifle</soundInteract>
    <statBases>
      <WorkToMake>16000</WorkToMake>
      <MarketValue>550</MarketValue>
      <AccuracyTouch>0.35</AccuracyTouch>
      <AccuracyShort>0.75</AccuracyShort>
      <AccuracyMedium>0.85</AccuracyMedium>
      <AccuracyLong>0.9</AccuracyLong>
      <RangedWeapon_Cooldown>1.3</RangedWeapon_Cooldown>
    </statBases>
    <costList>
      <Steel>65</Steel>
      <Component>3</Component>
    </costList>
    <recipeMaker>
      <researchPrerequisite>SovietMidWarTech</researchPrerequisite>
    </recipeMaker>
    <weaponTags>
      <li>SovietScoutInfantry</li>
    </weaponTags>
    <verbs>
      <li>
        <verbClass>Verb_Shoot</verbClass>
        <hasStandardCommand>true</hasStandardCommand>
        <defaultProjectile>Bullet_SovietRifle</defaultProjectile>
		<burstShotCount>2</burstShotCount>
        <ticksBetweenBurstShots>35</ticksBetweenBurstShots>
        <warmupTime>2</warmupTime>
        <range>33</range>
        <soundCast>SVT_Fire1</soundCast>
        <soundCastTail>GunTail_Light</soundCastTail>
        <muzzleFlashScale>9</muzzleFlashScale>
      </li>
    </verbs>
			    <tools>
      <li>
        <label>bayonet</label>
        <capacities>
          <li>Poke</li>
        </capacities>
        <power>10</power>
        <cooldownTime>1.6</cooldownTime>
      </li>
      <li>
        <label>stock</label>
        <capacities>
          <li>Blunt</li>
        </capacities>
        <power>8</power>
        <cooldownTime>1.6</cooldownTime>
      </li>
    </tools>
  </ThingDef>
  
      <ThingDef ParentName="BaseSovietScoutGun">
    <defName>MosinSniper</defName>
    <label>Mosin Nagant - Sniper</label>
    <description>The standard infantry weapon of the Soviet Union, this version of the Mosin Nagant has had a telescopic scope attached.</description>
    <graphicData>
      <texPath>Things/RedArmy/Weapons/MosinNagantSniper</texPath>
      <graphicClass>Graphic_Single</graphicClass>
    </graphicData>
    <soundInteract>InteractRifle</soundInteract>
    <statBases>
      <WorkToMake>12300</WorkToMake>
      <MarketValue>600</MarketValue>
      <AccuracyTouch>0.35</AccuracyTouch>
      <AccuracyShort>0.83</AccuracyShort>
      <AccuracyMedium>0.88</AccuracyMedium>
      <AccuracyLong>0.96</AccuracyLong>
      <RangedWeapon_Cooldown>1.5</RangedWeapon_Cooldown>
    </statBases>
    <costList>
      <Steel>55</Steel>
      <Component>3</Component>
    </costList>
    <recipeMaker>
      <researchPrerequisite>SovietMidWarTech</researchPrerequisite>
    </recipeMaker>
    <weaponTags>
      <li>SovietScoutInfantry</li>
    </weaponTags>
    <verbs>
      <li>
        <verbClass>Verb_Shoot</verbClass>
        <hasStandardCommand>true</hasStandardCommand>
        <defaultProjectile>Bullet_SovietSniper</defaultProjectile>
		<burstShotCount>1</burstShotCount>
        <ticksBetweenBurstShots>35</ticksBetweenBurstShots>
        <warmupTime>2.7</warmupTime>
        <range>47</range>
        <soundCast>Mosin_Fire1</soundCast>
        <soundCastTail>GunTail_Light</soundCastTail>
        <muzzleFlashScale>9</muzzleFlashScale>
      </li>
    </verbs>
			    <tools>
      <li>
        <label>stock</label>
        <capacities>
          <li>Blunt</li>
        </capacities>
        <power>8</power>
        <cooldownTime>1.6</cooldownTime>
      </li>
    </tools>
  </ThingDef>
  
      <ThingDef ParentName="BaseSovietScoutGun">
    <defName>MosinSniperVariant</defName>
    <label>Mosin Nagant - Sniper variant</label>
    <description>The standard infantry weapon of the Soviet Union, this version of the Mosin Nagant has had a telescopic scope attached, as well as camouflage wrapped around the barrel, stock, and scope.</description>
    <graphicData>
      <texPath>Things/RedArmy/Weapons/MosinNagantSniperVariant</texPath>
      <graphicClass>Graphic_Single</graphicClass>
    </graphicData>
    <soundInteract>InteractRifle</soundInteract>
    <statBases>
      <WorkToMake>14000</WorkToMake>
      <MarketValue>660</MarketValue>
      <AccuracyTouch>0.35</AccuracyTouch>
      <AccuracyShort>0.83</AccuracyShort>
      <AccuracyMedium>0.88</AccuracyMedium>
      <AccuracyLong>0.95</AccuracyLong>
      <RangedWeapon_Cooldown>1.5</RangedWeapon_Cooldown>
    </statBases>
    <costList>
      <Steel>65</Steel>
      <Component>3</Component>
    </costList>
    <recipeMaker>
      <researchPrerequisite>SovietMidWarTech</researchPrerequisite>
    </recipeMaker>
    <weaponTags>
      <li>SovietScoutInfantry</li>
    </weaponTags>
    <verbs>
      <li>
        <verbClass>Verb_Shoot</verbClass>
        <hasStandardCommand>true</hasStandardCommand>
        <defaultProjectile>Bullet_SovietSniper</defaultProjectile>
		<burstShotCount>1</burstShotCount>
        <ticksBetweenBurstShots>35</ticksBetweenBurstShots>
        <warmupTime>2.7</warmupTime>
        <range>47</range>
        <soundCast>Mosin_Fire1</soundCast>
        <soundCastTail>GunTail_Light</soundCastTail>
        <muzzleFlashScale>9</muzzleFlashScale>
      </li>
    </verbs>
			    <tools>
      <li>
        <label>stock</label>
        <capacities>
          <li>Blunt</li>
        </capacities>
        <power>8</power>
        <cooldownTime>1.6</cooldownTime>
      </li>
    </tools>
  </ThingDef>
  
  
    <ThingDef ParentName="BaseSovietTankGun">
    <defName>SovietTankLightGun</defName>
    <label>45mm cannon</label>
    <description>A light cannon designed to be mounted on tanks with a lighter chassis. Still extremely effective against infantry targets and light armor.</description>
    <graphicData>
      <texPath>Things/RedArmy/Weapons/45mmCannon</texPath>
      <graphicClass>Graphic_Single</graphicClass>
    </graphicData>
    <statBases>
      <MarketValue>4000</MarketValue>
      <AccuracyTouch>0.6</AccuracyTouch>
      <AccuracyShort>0.8</AccuracyShort>
      <AccuracyMedium>0.92</AccuracyMedium>
      <AccuracyLong>0.88</AccuracyLong>
      <RangedWeapon_Cooldown>7.3</RangedWeapon_Cooldown>
    </statBases>
	<recipeMaker>
      <researchPrerequisite>SovietEarlyWarTech</researchPrerequisite>
    </recipeMaker>
    <costList>
      <Steel>190</Steel>
      <Component>5</Component>
    </costList>
    <techLevel>Industrial</techLevel>
    <destroyOnDrop>true</destroyOnDrop>
	<menuHidden>true</menuHidden>
    <weaponTags>
      <li>LightTankGun</li>
    </weaponTags>
    <verbs>
      <li>
        <verbClass>Verb_ShootOneUse</verbClass>
        <hasStandardCommand>true</hasStandardCommand>
        <defaultProjectile>Bullet_SovietTank</defaultProjectile>
        <forcedMissRadius>0.0</forcedMissRadius>
        <warmupTime>8</warmupTime>
        <range>55</range>
        <ticksBetweenBurstShots>20</ticksBetweenBurstShots>
        <burstShotCount>1</burstShotCount>
        <soundCast>Tank_Fire1</soundCast>
        <soundCastTail>GunTail_Heavy</soundCastTail>
        <onlyManualCast>true</onlyManualCast>
        <stopBurstWithoutLos>false</stopBurstWithoutLos>
        <targetParams>
          <canTargetLocations>true</canTargetLocations>
        </targetParams>
        <muzzleFlashScale>14</muzzleFlashScale>
      </li>
    </verbs>
  </ThingDef>
  
  
  
</Defs>